group,conversion_rate,n_users
control,0.1203863045004612,145274
treatment,0.11880806551510564,145310
